,City,Latitude,Longitude,Temp,Humidity,Clouds,Wind
0,rikitea,-23.12,-134.97,75.93,79,19,2.37
1,tongren,27.72,109.18,76.11,78,100,10.6
2,verkhnevilyuysk,63.45,120.31,67.83,34,40,6.4
3,jamestown,-33.21,138.6,55.23,45,0,9.13
4,qaanaaq,77.48,-69.36,22.65,91,98,2.89
5,barrow,-38.31,-60.23,58.47,67,100,20.62
6,sao filipe,14.9,-24.5,74.31,85,0,12.71
7,busselton,-33.64,115.35,66.99,24,84,34.0
8,mataura,-46.19,168.86,45.69,69,44,7.38
9,lodja,-3.52,23.6,65.85,68,0,1.74
10,vaini,15.34,74.49,77.0,78,40,12.75
11,albany,42.65,-73.75,55.99,76,90,1.99
12,evensk,61.92,159.24,58.47,53,73,4.41
13,nikolskoye,59.7,30.79,69.01,63,0,4.47
14,khatanga,71.98,102.47,51.99,62,46,3.67
15,matara,-13.74,-72.9,32.01,87,2,2.24
16,saint-pierre,48.95,4.24,64.4,93,54,3.36
17,qaqortoq,60.72,-46.03,46.4,52,28,5.82
18,richards bay,-28.77,32.06,71.61,58,11,21.59
19,vrangel,42.73,133.08,64.95,74,74,5.08
20,taltal,-25.41,-70.49,60.09,67,0,2.08
21,port alfred,-33.59,26.89,69.01,54,3,11.99
22,kruisfontein,-34.0,24.73,57.75,72,16,8.81
23,sioux lookout,50.1,-91.92,53.6,81,90,4.7
24,ushuaia,-54.81,-68.31,41.0,86,75,5.55
25,touros,-5.2,-35.46,75.2,94,0,4.7
26,hermanus,-34.42,19.24,60.01,70,60,18.99
27,port hedland,-20.31,118.58,75.2,17,0,24.16
28,chuy,-33.69,-53.46,59.01,64,3,11.18
29,castro,-42.48,-73.76,50.0,87,100,17.22
30,slave lake,55.28,-114.77,59.0,38,75,8.05
31,new norfolk,-42.78,147.06,53.6,50,75,26.4
32,ancud,-41.87,-73.83,50.0,87,1,17.22
33,bredasdorp,-34.53,20.04,60.01,62,13,23.04
34,mayo,63.59,-135.9,62.6,27,75,5.82
35,butaritari,3.07,172.79,84.93,79,83,14.58
36,saint george,39.45,22.34,60.8,93,75,3.22
37,narsaq,60.91,-46.05,44.6,56,28,4.7
38,madimba,4.42,9.93,75.2,94,75,2.24
39,kitimat,54.02,-128.69,50.0,81,75,14.99
40,yellowknife,62.45,-114.38,48.2,93,75,4.7
41,tadine,-21.55,167.88,76.29,74,100,5.32
42,celestun,20.87,-90.4,82.95,85,100,17.11
43,saldanha,41.42,-6.55,46.41,89,0,5.82
44,saskylakh,71.97,114.09,51.27,44,0,14.97
45,nanortalik,60.14,-45.24,37.41,85,18,0.47
46,bowen,-20.01,148.25,68.0,30,100,18.34
47,altay,47.83,88.13,55.41,55,50,5.59
48,solnechnyy,50.72,136.64,71.07,41,4,5.41
49,upernavik,72.79,-56.15,33.81,89,96,0.96
50,lavrentiya,65.58,-170.99,62.07,39,0,5.97
51,thompson,55.74,-97.86,48.2,81,90,2.24
52,puerto ayora,-0.74,-90.35,73.99,91,35,10.51
53,longyearbyen,78.22,15.63,35.6,74,75,6.93
54,pujili,-0.95,-78.68,48.2,93,75,12.75
55,provideniya,64.42,-173.23,42.8,81,20,8.95
56,sitka,37.17,-99.65,76.65,50,2,8.81
57,nenjiang,49.17,125.23,75.93,37,31,12.39
58,ostrovnoy,68.05,39.51,48.57,85,100,12.28
59,paamiut,61.99,-49.67,39.39,76,81,7.07
60,bluff,-23.58,149.07,67.65,24,100,11.99
61,alice springs,-23.7,133.88,51.8,43,0,17.22
62,tiksi,71.64,128.87,34.89,75,0,13.8
63,san patricio,-26.98,-56.83,52.89,92,0,5.17
64,vanderhoof,54.02,-124.02,54.15,41,58,5.55
65,ous,60.91,61.52,41.55,83,100,15.52
66,maues,-3.38,-57.72,74.13,96,60,0.18
67,visnes,59.36,5.22,59.0,76,95,11.41
68,namibe,-15.19,12.15,70.89,75,0,2.93
69,nabire,-3.36,135.5,83.13,64,100,1.61
70,mandalgovi,45.76,106.27,63.51,23,100,19.15
71,dingle,11.0,122.67,94.47,40,62,9.73
72,rock sound,24.9,-76.2,80.97,80,47,10.96
73,lompoc,34.64,-120.46,64.4,100,90,6.93
74,paka,45.29,18.06,60.01,100,56,3.36
75,georgetown,6.8,-58.16,78.8,88,40,4.7
76,caravelas,-17.73,-39.27,76.11,71,98,14.12
77,puerto madryn,-42.77,-65.04,61.89,45,100,17.52
78,itaperuna,-21.2,-41.89,57.03,83,0,3.24
79,beringovskiy,63.05,179.32,56.49,55,96,11.48
80,markala,13.69,-6.07,91.59,44,14,14.7
81,cabo san lucas,22.89,-109.91,78.01,69,20,11.41
82,santa isabel,4.71,-75.1,75.2,88,75,4.7
83,hobart,-42.88,147.33,53.6,50,75,26.4
84,khislavichi,54.19,32.16,57.57,93,0,7.87
85,taoudenni,22.68,-3.98,90.69,7,36,5.68
86,lagos,6.46,3.39,78.8,88,20,2.24
87,presidencia roque saenz pena,-26.79,-60.44,54.51,95,0,7.63
88,cascais,38.7,-9.42,60.01,82,20,5.82
89,faanui,-16.48,-151.75,81.69,73,0,13.49
90,cherskiy,68.75,161.3,42.99,38,0,16.35
91,acapulco,16.86,-99.88,82.4,78,90,1.07
92,nishihara,35.74,139.53,81.0,61,75,13.87
93,alenquer,-1.95,-54.74,77.0,100,0,2.24
94,punta arenas,-53.16,-70.91,39.2,93,75,4.7
95,mar del plata,-46.43,-67.52,51.81,57,67,25.75
96,nyurba,63.29,118.35,68.55,32,0,4.74
97,vila velha,-3.71,-38.6,80.6,78,40,6.93
98,carnarvon,-30.97,22.13,49.11,77,19,23.44
99,beni,0.49,29.47,64.77,98,100,1.83
100,tiarei,-17.53,-149.33,84.2,66,20,12.75
101,klaksvik,62.23,-6.59,41.0,93,98,6.93
102,chokurdakh,70.62,147.9,40.29,54,90,7.05
103,saint-philippe,45.36,-73.48,54.0,81,20,14.99
104,camacha,33.08,-16.33,64.4,72,40,13.87
105,kodiak,39.95,-94.76,80.6,61,75,9.17
106,luderitz,-26.65,15.16,62.6,72,0,8.05
107,esperance,10.24,-61.45,82.0,88,75,6.93
108,aripuana,-9.17,-60.63,74.31,74,10,2.28
109,verkhoyansk,67.55,133.39,59.01,26,0,8.75
110,bambous virieux,-20.34,57.76,71.6,88,75,18.34
111,torbay,47.66,-52.73,53.6,100,90,10.29
112,mahebourg,-20.41,57.7,71.6,88,75,18.34
113,harper,30.3,-99.24,73.4,83,75,4.7
114,hilo,19.71,-155.08,82.4,61,20,6.93
115,ponta do sol,-20.63,-46.0,52.17,93,0,4.74
116,severo-kurilsk,50.68,156.12,41.19,93,100,17.09
117,kavieng,-2.57,150.8,84.39,73,98,8.01
118,tagusao,9.19,117.81,87.09,59,100,3.04
119,nome,30.04,-94.42,77.0,94,90,3.36
120,antofagasta,-23.65,-70.4,59.0,72,90,5.82
121,atuona,-9.8,-139.03,82.59,77,42,19.1
122,clyde river,70.47,-68.59,33.8,63,40,5.82
123,qena,26.16,32.72,91.4,33,0,11.41
124,poli,8.48,13.24,76.11,78,80,3.62
125,kungurtug,50.6,97.53,55.77,45,53,5.61
126,cape town,-33.93,18.42,59.0,54,40,12.75
127,kapaa,22.08,-159.32,84.2,78,90,16.11
128,mao,19.55,-71.08,77.0,94,75,0.78
129,havre-saint-pierre,50.23,-63.6,44.6,87,90,4.7
130,puerto leguizamo,-0.19,-74.78,71.61,98,100,1.83
131,sao felix do xingu,-6.64,-51.99,71.97,81,0,3.74
132,ambon,47.55,-2.56,54.0,93,3,3.36
133,marsaxlokk,35.84,14.54,66.2,72,0,5.82
134,lebu,8.96,38.73,55.4,82,76,2.24
135,aklavik,68.22,-135.01,59.0,38,75,8.05
136,warmbad,50.67,13.08,66.0,93,0,7.65
137,poopo,-18.38,-66.97,41.91,26,0,4.14
138,arraial do cabo,-22.97,-42.02,70.71,72,19,15.01
139,campos,41.54,-8.28,55.99,87,75,3.36
140,airai,-8.93,125.41,85.65,48,7,6.98
141,maradi,13.5,7.1,89.79,41,100,5.03
142,shitanjing,39.23,106.34,77.55,20,0,0.43
143,lagoa,37.14,-8.45,61.0,77,0,9.17
144,eureka,40.8,-124.16,57.0,82,1,11.41
145,dikson,73.51,80.55,32.37,93,52,7.54
146,qandala,11.47,49.87,90.15,65,93,6.78
147,roma,41.89,12.48,63.0,100,13,2.24
148,ponta delgada,37.73,-25.67,59.0,67,20,8.05
149,cuamba,-14.8,36.54,58.83,97,1,4.59
150,mahajanga,-15.72,46.32,71.6,83,20,9.17
151,arlit,18.74,7.39,94.65,28,79,7.99
152,yulara,-25.24,130.99,53.6,46,0,18.34
153,dubbo,-32.25,148.6,57.2,44,0,14.99
154,chauk,20.89,94.82,90.51,48,18,7.92
155,tigil,57.8,158.67,63.51,48,100,10.09
156,ler,63.2,10.3,50.0,100,0,8.05
157,marawi,8.0,124.29,84.99,73,100,5.99
158,keskin,39.67,33.62,64.0,76,0,4.14
159,salalah,17.01,54.1,84.2,83,40,5.82
160,mapiri,-15.31,-68.22,48.57,91,28,3.69
161,berlevag,70.86,29.09,40.65,84,99,9.84
162,great falls,47.5,-111.29,75.2,22,1,11.41
163,matay,28.42,30.79,80.07,38,98,16.51
164,port elizabeth,39.31,-74.98,68.0,87,1,7.65
165,bunia,1.56,30.25,64.95,96,95,1.92
166,vostok,46.45,135.83,73.23,38,39,5.26
167,tuktoyaktuk,69.44,-133.03,42.8,70,40,13.87
168,igrim,63.19,64.42,38.85,92,100,10.07
169,aykhal,65.95,111.51,48.2,93,90,4.47
170,port blair,11.67,92.75,85.83,77,39,10.56
171,cidreira,-30.17,-50.22,60.63,75,0,6.26
172,saint anthony,43.97,-111.68,71.6,43,1,9.17
173,daman,20.42,72.83,83.13,88,18,13.27
174,avarua,-21.21,-159.78,73.4,88,61,6.93
175,egvekinot,66.32,-179.17,50.37,66,99,7.96
176,belmonte,40.36,-7.35,50.0,86,84,6.76
177,kastornoye,51.83,38.13,56.13,85,0,8.93
178,rio verde de mato grosso,-18.92,-54.84,62.43,80,0,8.72
179,gushikawa,26.35,127.87,84.2,83,75,8.05
180,ishigaki,24.34,124.16,80.6,94,75,8.05
181,barahona,18.21,-71.1,71.97,82,73,0.58
182,rawson,-43.3,-65.11,60.45,43,100,22.06
183,labuan,5.28,115.24,86.0,79,75,6.93
184,katsuura,33.93,134.5,79.0,65,40,8.05
185,palia kalan,28.45,80.58,96.81,35,0,10.85
186,port hardy,50.7,-127.42,51.8,81,90,6.93
187,poya,-21.35,165.16,72.87,75,100,9.78
188,tommot,58.97,126.27,76.65,42,89,3.62
189,turayf,31.68,38.65,78.8,27,0,13.87
190,hasaki,35.73,140.83,79.0,69,75,5.82
191,san quintin,17.54,120.52,92.31,54,77,7.45
192,boma,11.23,4.46,89.25,45,94,11.92
193,hithadhoo,-0.6,73.08,85.11,73,100,11.95
194,camapua,-19.53,-54.04,57.21,90,0,6.93
195,port lincoln,-34.72,135.86,56.67,54,3,4.5
196,hamilton,43.26,-79.87,68.0,59,90,12.75
197,vangaindrano,-23.35,47.6,66.03,95,100,3.36
198,gladstone,-23.84,151.26,72.0,32,100,6.93
199,ribeira grande,38.52,-28.7,62.25,67,3,9.69
200,vila franca do campo,37.72,-25.43,59.0,67,20,8.05
201,port-gentil,-0.72,8.78,75.93,83,97,11.88
202,motupe,-6.15,-79.72,64.59,86,11,11.39
203,rio grande,-32.03,-52.1,51.45,88,0,3.06
204,plock,52.55,19.71,66.0,93,0,5.82
205,fort nelson,58.81,-122.69,53.6,58,75,8.05
206,cabinda,-5.56,12.19,73.95,88,3,3.42
207,leonidovo,49.28,142.87,52.53,66,99,3.4
208,selikhino,50.37,137.51,70.53,42,55,6.49
209,flagstaff,35.2,-111.65,75.0,50,1,6.87
210,souillac,45.6,-0.6,61.0,93,0,4.41
211,the valley,18.22,-63.06,82.4,83,20,11.41
212,sobolevo,54.43,31.9,58.11,93,0,8.01
213,thaba-tseka,-29.52,28.61,36.87,59,0,7.67
214,naze,5.43,7.07,77.0,94,75,3.18
215,mandera,3.94,41.86,76.65,66,56,11.27
216,qasigiannguit,68.82,-51.19,39.2,69,0,2.24
217,palmas bellas,9.23,-80.09,82.99,94,20,2.24
218,lamu,0.57,122.3,85.83,57,61,4.59
219,geelong,-38.15,144.36,55.0,76,90,13.87
220,pampa,35.54,-100.96,78.8,73,1,8.05
221,ahipara,-35.17,173.16,63.0,100,51,32.79
222,ust-uda,54.17,103.03,62.61,36,3,4.27
223,kutum,14.2,24.66,80.07,43,69,6.04
224,adrar,27.87,-0.29,80.6,14,0,13.87
225,boulder city,35.98,-114.83,95.0,14,1,3.36
226,kaeo,-35.1,173.78,64.0,73,47,8.99
227,barmer,25.74,71.4,89.07,57,0,15.03
228,xai-xai,-25.04,33.64,59.55,94,0,5.41
229,faya,18.39,42.45,64.4,63,0,2.21
230,fairbanks,64.84,-147.72,70.0,21,90,3.85
231,plouzane,48.38,-4.62,52.0,93,40,4.7
232,komsomolets,52.77,41.29,55.41,81,0,5.39
233,srebrenik,44.7,18.49,60.01,100,90,3.36
234,harindanga,22.04,88.32,87.8,84,75,9.17
235,yar-sale,66.83,70.83,34.35,88,100,16.11
236,tasiilaq,65.61,-37.64,37.4,59,1,9.17
237,uruzgan,32.93,66.63,58.47,35,0,5.79
238,laguna,27.52,-110.01,82.4,48,5,8.05
239,erzin,36.95,36.2,72.0,100,0,5.82
240,toumodi,6.56,-5.02,73.4,94,75,6.93
241,gbadolite,4.28,21.0,71.79,86,100,1.66
242,ramnagar,27.17,84.33,92.13,46,1,17.65
243,shimoda,34.7,138.93,73.99,73,75,3.36
244,bilma,18.69,12.92,90.33,18,7,9.35
245,letlhakeng,-24.1,25.03,54.87,33,0,3.13
246,la ronge,55.1,-105.3,57.2,62,40,2.44
247,muros,42.77,-9.06,55.99,93,40,2.24
248,valleyview,55.07,-117.28,56.49,42,21,5.61
249,santa maria,-29.69,-53.81,51.8,100,0,2.24
250,kankakee,41.12,-87.86,75.99,64,75,6.93
251,grindavik,63.84,-22.43,43.0,75,75,20.8
252,lahij,13.06,44.88,83.85,63,100,3.31
253,okhotsk,59.36,143.24,61.53,56,7,12.17
254,pangnirtung,66.15,-65.72,42.45,50,1,2.04
255,torring,55.85,9.48,60.8,93,100,11.41
256,palmer,61.6,-149.11,66.0,48,1,6.93
257,leningradskiy,69.38,178.42,33.63,92,100,6.89
258,moa,20.66,-74.95,71.07,98,20,2.73
259,poso,-1.4,120.75,70.35,86,88,3.58
260,shchors,51.82,31.95,60.99,96,0,9.48
261,raudeberg,61.99,5.14,50.0,87,62,1.12
262,bandar,-4.2,104.14,85.11,63,100,3.56
263,comodoro rivadavia,-45.87,-67.48,62.6,45,0,20.8
264,cap malheureux,-19.98,57.61,71.6,88,75,18.34
265,victoria,5.28,115.24,86.0,79,75,6.93
266,timizart,36.8,4.25,71.79,71,0,4.38
267,jacmel,18.24,-72.54,81.0,94,32,9.17
268,pevek,69.7,170.27,31.47,89,38,8.72
269,codrington,-28.95,153.24,66.2,48,40,12.75
270,anadyr,64.73,177.51,53.6,58,20,11.18
271,hargeysa,9.56,44.06,68.55,76,100,21.99
272,oussouye,12.49,-16.54,73.4,88,40,4.7
273,pacifica,37.61,-122.49,75.0,82,1,6.93
274,puerto madero,-34.61,-58.36,60.8,72,0,11.41
275,veraval,49.65,0.71,55.0,87,0,8.05
276,coquimbo,-29.95,-71.34,57.99,93,90,2.24
277,fortuna,38.18,-1.13,66.0,88,0,3.36
278,alzamay,55.55,98.67,67.47,34,1,4.85
279,zhigansk,66.77,123.37,56.31,68,100,2.28
280,nhulunbuy,-12.18,136.78,73.4,69,75,17.22
281,hay river,60.82,-115.79,44.6,81,90,13.87
282,westport,53.8,-9.52,50.0,86,100,1.01
283,rodrigues alves,-7.74,-72.65,73.05,83,0,1.34
284,khani,41.96,42.96,69.8,94,40,2.24
285,honningsvag,70.98,25.97,39.93,81,99,6.02
286,vilhena,-12.74,-60.15,67.47,82,1,4.25
287,miandrivazo,-19.53,45.46,69.27,89,100,6.91
288,champerico,16.38,-93.6,82.4,74,75,3.09
289,contamana,-7.35,-75.01,70.71,93,100,2.35
290,hangu,33.53,71.06,84.21,20,0,6.53
291,san cristobal,-0.39,-78.55,60.8,72,40,3.36
292,soyo,-6.13,12.37,74.67,85,8,5.01
293,broome,52.47,1.45,55.99,100,0,6.93
294,poum,41.28,20.71,46.41,93,58,1.45
295,ilulissat,69.22,-51.1,39.2,69,0,2.24
296,dobson,36.4,-80.72,71.6,73,90,2.75
297,mirnyy,56.57,36.46,54.69,84,0,4.76
298,tambilil,5.96,124.67,86.0,66,75,4.7
299,george,6.63,3.35,78.8,88,20,2.24
300,watertown,44.9,-97.12,70.0,88,1,6.93
301,abu samrah,35.3,37.18,75.57,40,3,7.63
302,talcahuano,-36.72,-73.12,55.4,100,90,11.41
303,juneau,58.3,-134.42,55.99,76,75,9.17
304,williston,48.15,-103.62,69.8,42,1,5.82
305,launceston,-41.43,147.14,54.0,57,75,12.75
306,mizan teferi,6.99,35.58,60.45,93,58,3.15
307,kibala,9.11,18.35,80.6,74,0,4.7
308,sungairaya,0.7,108.9,82.95,76,15,10.47
309,north bend,43.41,-124.22,59.0,71,1,8.05
310,fukue,35.03,136.69,81.0,78,75,3.36
311,hovd,63.83,10.7,53.01,100,0,8.05
312,east london,-33.02,27.91,68.01,17,0,11.9
313,san roque,0.3,-78.23,60.8,72,40,3.36
314,parrita,9.52,-84.33,73.0,88,20,3.36
315,kovdor,67.56,30.47,46.59,89,3,3.69
316,singapore,1.29,103.85,87.8,70,75,4.7
317,kharitonovo,61.4,47.5,51.81,90,99,5.82
318,tyazhinskiy,56.11,88.52,70.71,44,0,0.36
319,santiago del estero,-27.8,-64.26,62.07,56,73,14.43
320,mareeba,-16.99,145.42,72.0,37,0,16.11
321,marion,35.21,-90.2,77.0,83,40,8.05
322,algiers,29.94,-90.04,84.99,83,75,5.82
323,san ignacio,-36.8,-72.03,55.0,100,100,13.87
324,garowe,8.41,48.48,78.99,62,100,22.75
325,cayenne,4.94,-52.33,75.2,94,0,2.24
326,kapit,2.02,112.94,89.97,50,100,2.75
327,astana,51.13,71.43,55.4,76,40,13.42
328,pacasmayo,-7.4,-79.57,64.23,92,12,18.61
329,leshukonskoye,64.9,45.76,50.19,95,100,6.46
330,bethel,60.79,-161.76,71.6,43,20,11.41
331,port macquarie,-31.43,152.91,64.0,71,90,12.75
332,karratha,-20.74,116.85,75.03,18,0,26.33
333,chumphon,10.5,99.18,89.6,70,20,5.82
334,khandyga,62.65,135.58,76.47,29,78,4.85
335,bilibino,68.06,166.44,37.95,87,87,3.6
336,bozoum,6.31,16.38,66.39,94,25,4.61
337,muncar,-8.43,114.34,83.49,64,40,4.56
338,burnie,-41.05,145.91,57.0,63,71,17.0
339,zhanaozen,43.35,52.85,79.71,42,57,16.69
340,bazarnyye mataki,54.9,49.93,54.69,70,0,5.17
341,vandoeuvre-les-nancy,48.65,6.18,66.99,77,75,8.05
342,kudahuvadhoo,2.67,72.89,84.03,74,99,15.23
343,kalmunai,7.42,81.82,84.21,71,42,1.61
344,novo aripuana,-5.12,-60.38,74.67,89,38,1.43
345,itarema,-2.92,-39.92,76.65,88,37,5.82
346,ferrol,43.48,-8.23,53.01,93,75,5.82
347,aranos,-24.14,19.11,56.67,19,0,6.8
348,sao joao da barra,-21.64,-41.05,59.01,76,0,3.6
349,bani,15.89,120.27,91.95,54,100,3.15
350,groningen,53.22,6.57,64.99,88,90,11.41
351,vagamo,61.88,9.1,36.87,78,23,2.59
352,tuatapere,-46.13,167.69,48.57,63,93,22.28
353,campina grande,-7.22,-35.88,71.6,94,75,8.05
354,lubbock,33.58,-101.86,75.0,69,75,9.17
355,brownfield,33.18,-102.27,77.0,60,1,10.29
356,akhmeta,42.03,45.21,66.2,82,0,5.82
357,dillon,45.22,-112.64,69.8,46,1,5.82
358,hofn,64.25,-15.21,29.31,85,100,23.04
359,young,-32.7,-57.63,55.99,82,10,4.0
360,vao,59.1,26.19,61.35,82,0,6.55
361,fukuma,33.77,130.47,93.0,58,20,8.05
362,hun,50.34,4.87,62.01,93,38,8.05
363,saint-augustin,44.83,-0.61,61.0,93,0,2.24
364,vanimo,-2.67,141.3,84.57,70,47,8.16
365,rockford,42.27,-89.09,73.99,73,1,6.93
366,marathon,48.72,-86.38,46.05,91,27,2.19
367,tomatlan,19.93,-105.25,74.49,79,58,4.36
368,progreso,-34.68,-56.22,52.0,66,0,10.29
369,wankaner,22.62,70.95,89.01,66,0,14.83
370,vitim,59.44,112.57,64.95,38,100,7.7
371,lorengau,-2.02,147.27,82.59,85,100,5.44
372,saint-joseph,43.56,6.97,62.6,87,0,4.7
373,norman wells,65.28,-126.83,39.2,93,90,3.36
374,kankan,10.38,-9.3,74.31,88,100,9.1
375,uncia,-18.47,-66.57,41.91,26,0,4.14
376,kresttsy,58.25,32.52,57.93,83,0,5.48
377,leo,11.1,-2.1,81.87,67,80,9.08
378,henderson,36.04,-114.98,95.0,13,1,4.7
379,enid,36.4,-97.88,78.8,88,1,5.82
380,marzuq,14.4,46.47,79.71,16,74,4.43
381,helena,46.59,-112.04,73.4,23,1,12.75
382,chara,39.42,22.43,60.8,93,75,3.22
383,tamandare,-8.28,-70.75,72.87,82,0,2.13
384,de aar,-30.65,24.01,50.91,46,0,11.01
385,hami,42.84,93.51,80.97,13,0,4.09
386,batagay,67.65,134.64,63.15,30,0,4.41
387,san jeronimo,-13.65,-73.37,40.65,85,0,4.0
388,goderich,43.74,-81.71,64.99,76,3,7.0
389,belaya gora,68.54,146.19,52.89,28,1,9.33
390,sibolga,1.74,98.78,83.67,70,73,2.06
391,mangai,-4.07,19.59,66.39,52,67,2.28
392,west bay,50.71,-2.76,52.0,93,40,6.93
393,sur,22.57,59.53,93.39,38,20,10.07
394,kahului,20.89,-156.47,84.2,78,40,14.99
395,juba,57.82,26.93,63.0,82,0,3.36
396,skjervoy,70.03,20.97,42.45,91,45,1.68
397,kirensk,57.78,108.12,62.25,42,100,4.07
398,folldal,62.14,10.0,40.29,69,0,5.17
399,buraydah,26.33,43.97,82.4,28,0,8.05
400,yarada,17.65,83.27,89.6,79,40,11.41
401,oranjemund,-28.55,16.43,58.11,94,91,6.44
402,geraldton,49.72,-86.95,57.2,35,75,8.05
403,birao,10.3,22.78,79.71,64,100,8.28
404,coroico,-16.19,-67.73,37.4,69,8,3.36
405,haines junction,60.75,-137.51,53.79,43,78,4.79
406,matongo,-3.07,29.61,55.77,97,71,1.99
407,ayan,40.67,33.6,52.89,87,1,2.51
408,dhidhdhoo,6.88,73.1,83.49,76,100,15.1
409,ko samui,9.54,99.94,78.8,94,40,11.41
410,svetlogorsk,53.14,59.15,48.2,45,40,20.13
411,trairi,-3.28,-39.27,72.15,97,38,3.51
412,iqaluit,63.75,-68.52,35.6,59,75,2.24
413,shahrud,36.42,54.97,54.51,40,0,1.81
414,crib point,-38.35,145.2,55.0,72,100,13.44
415,san policarpo,12.18,125.51,86.55,67,1,8.52
416,aljezur,37.31,-8.8,61.0,88,3,16.6
417,bontang,0.12,117.47,89.97,55,28,2.42
418,killam,52.79,-111.86,52.17,84,89,4.0
419,sabha,27.03,14.43,83.67,20,30,15.32
420,taywarah,33.35,64.42,57.03,45,0,9.53
421,beyneu,45.32,55.19,74.67,29,82,17.96
422,dori,14.03,-0.03,94.83,27,41,14.0
423,zaozerne,51.37,23.94,60.27,94,0,6.4
424,san juan del sur,11.25,-85.87,80.79,79,59,10.0
425,burgeo,47.61,-57.61,44.25,90,24,2.93
426,joyabaj,14.99,-90.8,68.0,88,75,4.7
427,chapada dos guimaraes,-15.46,-55.75,73.4,83,75,4.7
428,gallup,35.53,-108.74,64.4,34,75,9.17
429,toamasina,-18.17,49.38,68.0,100,75,4.7
430,atambua,-9.11,124.89,83.31,64,43,14.05
431,de panne,51.1,2.59,59.0,93,83,6.93
432,lakatoro,-16.11,167.42,83.49,70,30,7.56
433,capitao poco,-1.75,-47.06,73.05,98,100,3.4
434,praya,-8.71,116.27,86.0,70,40,3.36
435,richmond,49.16,-123.14,66.2,48,90,3.36
436,lata,30.78,78.62,46.41,43,0,5.82
437,osmaniye,37.07,36.26,72.0,84,21,10.0
438,sambava,-14.27,50.17,63.69,97,17,4.12
439,buzmeyin,38.05,58.21,75.2,47,0,6.93
440,vestmannaeyjar,63.44,-20.27,46.41,62,66,18.19
441,perth,56.4,-3.43,48.99,100,75,12.75
442,kinablangan,7.69,126.55,84.57,68,52,3.94
443,bathsheba,13.22,-59.52,82.4,74,40,20.8
444,padang,-0.92,100.36,87.8,70,20,1.12
445,taperoa,-7.21,-36.83,69.63,87,36,17.65
446,tezu,27.93,96.16,87.09,43,0,3.49
447,mayumba,-3.44,10.65,73.77,86,90,2.46
448,vieira de leiria,39.87,-8.94,59.0,72,20,8.05
449,kiama,-34.67,150.86,57.2,54,75,11.41
450,pacific grove,36.62,-121.92,78.01,72,1,3.36
451,srednekolymsk,67.46,153.71,49.47,28,1,10.47
452,tsuyama,35.14,134.03,84.99,65,40,6.93
453,avera,33.19,-82.53,77.0,78,1,5.82
454,zabaykalsk,49.64,117.33,51.81,59,91,16.04
455,derzhavinsk,51.1,66.31,53.61,57,0,20.4
456,mehamn,71.03,27.85,40.47,78,98,6.87
457,la rioja,-29.41,-66.86,49.65,84,88,0.65
458,valley station,33.35,-86.77,82.4,51,75,3.36
459,mandurah,-32.55,115.7,66.99,31,96,18.34
460,port keats,-14.25,129.55,74.49,27,100,19.44
461,shalinskoye,55.72,93.76,69.09,37,0,3.38
462,rongcheng,37.16,122.42,80.01,44,98,5.55
463,panjab,34.38,67.02,42.99,64,1,6.04
464,nemyriv,50.1,23.44,60.8,93,0,4.47
465,bumba,2.18,22.47,72.15,90,100,1.66
466,tubuala,9.52,-79.03,78.8,94,40,2.24
467,hrymayliv,49.33,26.01,59.73,96,100,5.03
468,thinadhoo,0.53,72.93,85.47,71,45,10.92
469,okha,53.59,142.95,41.19,87,57,8.43
470,puerto escondido,15.86,-97.07,80.25,80,94,3.27
471,mwene-ditu,-7.01,23.45,61.17,50,19,4.47
472,talnakh,69.49,88.39,42.8,72,0,11.18
473,wagar,31.44,-87.99,81.0,81,55,4.21
474,el campo,29.2,-96.27,79.0,88,90,5.82
475,khapa,21.42,78.98,98.6,29,6,8.05
476,monywa,22.12,95.13,92.13,49,1,10.94
477,kieta,-6.22,155.63,85.47,69,65,9.78
478,kati,12.75,-8.07,82.4,74,20,10.29
479,deputatskiy,69.3,139.9,46.59,34,0,14.72
480,quatre cocos,-20.21,57.76,71.6,88,75,18.34
481,demba,-5.47,22.27,64.95,56,0,2.8
482,chernyshevskiy,63.01,112.47,67.83,31,40,5.97
483,husavik,50.56,-96.99,64.0,65,41,8.01
484,carutapera,-1.2,-46.02,76.83,90,96,4.07
485,sitges,41.24,1.82,66.99,77,0,4.7
486,kurumkan,54.33,110.32,34.35,97,100,4.5
487,dicabisagan,17.08,122.42,95.91,46,13,2.68
488,bubaque,11.28,-15.83,79.89,81,97,15.21
489,tarko-sale,64.92,77.78,65.85,32,45,8.66
490,menongue,-14.66,17.68,46.95,47,0,3.44
491,broken hill,-31.97,141.45,51.8,53,0,18.34
492,komsomolskiy,67.55,63.78,29.13,92,2,5.61
493,santa fe,-31.62,-60.7,62.01,77,26,8.01
494,troitskoye,52.98,84.68,65.85,60,1,5.12
495,portland,45.52,-122.67,77.0,22,1,2.95
496,grenfell,-33.9,148.16,57.39,41,0,6.55
497,tromso,69.65,18.96,48.2,93,40,9.17
498,iberia,-11.41,-69.49,69.45,81,95,2.28
499,tefe,-3.35,-64.71,74.31,97,66,1.48
500,mbanza-ngungu,-5.25,14.87,63.87,90,0,2.04
501,nova esperanca,4.44,-61.12,65.31,98,97,2.24
502,high level,58.52,-117.13,51.8,66,90,6.93
503,pelileo,-1.33,-78.55,48.2,93,75,12.75
504,dangriga,16.97,-88.23,80.01,11,100,5.99
505,sarangani,5.4,125.46,83.85,67,83,1.88
506,kayunga,0.7,32.9,63.15,91,100,1.16
507,kushikino,31.72,130.27,87.01,74,75,6.93
508,sol-iletsk,51.16,55.0,55.23,62,0,12.35
509,chabahar,25.29,60.65,78.8,83,75,6.93
510,takestan,36.07,49.69,62.6,48,0,6.93
511,luis correia,-2.88,-41.67,73.77,96,36,2.15
512,umm lajj,25.02,37.27,87.09,69,0,13.67
513,baicheng,45.61,122.87,73.0,38,0,1.01
514,leon,40.74,-93.75,75.2,94,1,6.93
515,abalak,15.46,6.28,89.61,38,82,14.79
516,bemidji,47.48,-94.89,69.8,93,1,6.93
517,cabra,37.47,-4.43,64.4,42,0,5.82
518,sola,62.78,29.36,59.0,77,0,2.24
519,winneba,5.35,-0.62,77.0,94,75,6.93
520,redcliffe,51.45,-2.59,54.0,93,90,9.17
521,gizo,31.8,34.94,78.01,69,0,3.36
522,palu,-0.9,119.87,86.01,61,96,4.27
523,praia,-20.25,-43.81,60.8,72,0,5.82
524,hadejia,12.45,10.04,94.29,35,100,17.65
525,tautira,-17.73,-149.15,84.2,66,20,12.75
526,taseyevo,57.22,94.9,74.49,38,13,0.74
527,mount gambier,-37.83,140.78,51.8,71,90,10.29
528,astara,38.42,48.87,62.6,100,40,1.05
529,guerrero negro,27.97,-114.04,65.49,87,0,12.19
530,dzhebariki-khaya,62.22,135.8,77.19,29,55,4.07
531,santa isabel do rio negro,-0.41,-65.02,74.49,97,100,1.68
532,freeport,26.54,-78.7,82.05,75,50,12.46
533,nelson bay,-32.72,152.14,55.0,87,100,6.93
534,ajdabiya,30.75,20.22,69.99,69,0,8.99
535,petropavlovsk-kamchatskiy,53.05,158.65,51.8,87,75,8.95
536,kloulklubed,7.04,134.26,84.2,74,75,8.05
537,yenagoa,4.92,6.26,74.31,97,100,3.53
538,gorontalo,0.54,123.06,86.73,60,100,5.77
